<xml xmlns:o="urn:schemas-microsoft-com:office:office">
 <o:MainFile HRef="../anexos_emcm_ene18.htm"/>
 <o:File HRef="stylesheet.css"/>
 <o:File HRef="tabstrip.htm"/>
 <o:File HRef="sheet001.htm"/>
 <o:File HRef="image001.png"/>
 <o:File HRef="image002.png"/>
 <o:File HRef="sheet002.htm"/>
 <o:File HRef="image003.png"/>
 <o:File HRef="image004.png"/>
 <o:File HRef="sheet003.htm"/>
 <o:File HRef="image005.png"/>
 <o:File HRef="image006.png"/>
 <o:File HRef="sheet004.htm"/>
 <o:File HRef="image007.png"/>
 <o:File HRef="image008.png"/>
 <o:File HRef="sheet005.htm"/>
 <o:File HRef="image009.png"/>
 <o:File HRef="image010.png"/>
 <o:File HRef="sheet006.htm"/>
 <o:File HRef="image011.png"/>
 <o:File HRef="image012.png"/>
 <o:File HRef="sheet007.htm"/>
 <o:File HRef="image013.png"/>
 <o:File HRef="image014.png"/>
 <o:File HRef="sheet008.htm"/>
 <o:File HRef="image015.png"/>
 <o:File HRef="image016.png"/>
 <o:File HRef="sheet009.htm"/>
 <o:File HRef="image017.png"/>
 <o:File HRef="image018.png"/>
 <o:File HRef="sheet010.htm"/>
 <o:File HRef="image019.png"/>
 <o:File HRef="image020.png"/>
 <o:File HRef="sheet011.htm"/>
 <o:File HRef="image021.png"/>
 <o:File HRef="image022.png"/>
 <o:File HRef="sheet012.htm"/>
 <o:File HRef="image023.png"/>
 <o:File HRef="image024.png"/>
 <o:File HRef="sheet013.htm"/>
 <o:File HRef="image025.png"/>
 <o:File HRef="sheet014.htm"/>
 <o:File HRef="image026.png"/>
 <o:File HRef="image027.png"/>
 <o:File HRef="sheet015.htm"/>
 <o:File HRef="image028.png"/>
 <o:File HRef="image029.png"/>
 <o:File HRef="sheet016.htm"/>
 <o:File HRef="image030.png"/>
 <o:File HRef="image031.png"/>
 <o:File HRef="sheet017.htm"/>
 <o:File HRef="image032.png"/>
 <o:File HRef="image033.png"/>
 <o:File HRef="sheet018.htm"/>
 <o:File HRef="image034.png"/>
 <o:File HRef="image035.png"/>
 <o:File HRef="sheet019.htm"/>
 <o:File HRef="image036.png"/>
 <o:File HRef="image037.png"/>
 <o:File HRef="sheet020.htm"/>
 <o:File HRef="image038.png"/>
 <o:File HRef="image039.png"/>
 <o:File HRef="sheet021.htm"/>
 <o:File HRef="image040.png"/>
 <o:File HRef="sheet022.htm"/>
 <o:File HRef="image041.png"/>
 <o:File HRef="image042.png"/>
 <o:File HRef="sheet023.htm"/>
 <o:File HRef="image043.png"/>
 <o:File HRef="image044.png"/>
 <o:File HRef="sheet024.htm"/>
 <o:File HRef="image045.png"/>
 <o:File HRef="sheet025.htm"/>
 <o:File HRef="image046.png"/>
 <o:File HRef="image047.png"/>
 <o:File HRef="sheet026.htm"/>
 <o:File HRef="image048.png"/>
 <o:File HRef="filelist.xml"/>
</xml>